{
  "D435": {
    "camera_intrinsic": [
      616.60791015625,
      616.6321411132812,
      329.23431396484375,
      234.63790893554688
    ],
    "depth_scale": 0.0010000000474974513,
    "clipping_distance_in_meters": 3
  },
  "D405": {
    "camera_intrinsic": [
      433.6830139160156,
      433.1543884277344,
      322.3874206542969,
      244.0409698486328
    ],
    "depth_scale": 9.999999747378752e-05,
    "clipping_distance_in_meters": 3
  }
}